0,1,2,3,4,5
https://wine21.speedgabia.com/WINE_MST/TITLE/0172000/W0172119.png,코랄 드 페나스칼,Coral de Penascal,로제,"35,000원",
https://wine21.speedgabia.com/no_image2.jpg,로제 비오,Rose Bio,로제,"40,000원",
https://wine21.speedgabia.com/WINE_MST/TITLE/0171000/W0171949.png,쏠라스 로사도,Solarce Rosado,로제,"59,000원",
https://wine21.speedgabia.com/WINE_MST/TITLE/0171000/W0171929.png,로제 엑스트라 브뤼,Rose Extra Brut,로제,"175,000원",
https://wine21.speedgabia.com/WINE_MST/TITLE/0171000/W0171902.png,비스트로따쥬 로제 엑스트라 브뤼 (프랑수와즈 마티노),Bistrotage Rose Extra Brut (Francoise Martinot),로제,"220,000원",
https://wine21.speedgabia.com/WINE_MST/TITLE/0171000/W0171866.jpg,프리잔테 로제,Frizzante Rose,로제,"64,000원",
https://wine21.speedgabia.com/WINE_MST/TITLE/0171000/W0171851.jpg,로사토,Rosato,로제,"70,000원",
https://wine21.speedgabia.com/WINE_MST/TITLE/0171000/W0171581.png,L 드 아일레스,L de Ayles,로제,"34,000원",
https://wine21.speedgabia.com/WINE_MST/TITLE/0171000/W0171575.png,아모르 드 도츠 로제,Amour de Deutz Rose,로제,"780,000원",
https://wine21.speedgabia.com/WINE_MST/TITLE/0171000/W0171564.png,뉴 데이 로사토,New Day Rosato,로제,"34,000원",
https://wine21.speedgabia.com/WINE_MST/TITLE/0171000/W0171392.png,로제,Rose,로제,"52,000원",
https://wine21.speedgabia.com/WINE_MST/IMAGE/0171000/T0171323_001.png,나파 밸리 로제,Napa Valley Rose,로제,"70,000원",
https://wine21.speedgabia.com/WINE_MST/TITLE/0171000/W0171250.png,로제 드 레우브,Rose de Leoube,로제,"55,000원",
https://wine21.speedgabia.com/WINE_MST/TITLE/0171000/W0171238.png,로제,Rose,로제,"30,000원",
https://wine21.speedgabia.com/WINE_MST/IMAGE/0171000/T0171234_001.png,나우 로제,Now Rose,로제,"64,000원",
https://wine21.speedgabia.com/WINE_MST/TITLE/0170000/W0170776.png,피노 누아 로제,Pinot Noir Rose,로제,"56,000원",
https://wine21.speedgabia.com/WINE_MST/TITLE/0170000/W0170712.png,쟈 딜랑쥬 로제,Jas Dellange Rose,로제,"25,000원",
https://wine21.speedgabia.com/WINE_MST/TITLE/0170000/W0170710.png,라 피에르 뒤 디아블 로제,La Pierre du Diable Rose,로제,"21,000원",
https://wine21.speedgabia.com/WINE_MST/TITLE/0170000/W0170650.png,포시즌 카베르네 로제,Quatre Saisons Rose,로제,"53,000원",
https://wine21.speedgabia.com/WINE_MST/TITLE/0170000/W0170644.png,오뜨 꾸튬 로제,Haute Coutume Rose,로제,"83,000원",
https://wine21.speedgabia.com/WINE_MST/TITLE/0170000/W0170640.png,앙트르 꼬빵 로제,Entre Copains Rose,로제,"40,000원",
https://wine21.speedgabia.com/WINE_MST/TITLE/0170000/W0170626.png,뀌베 꽁퓌덩스 로제,Cuvee Confidences Rose,로제,"77,000원",
https://wine21.speedgabia.com/WINE_MST/TITLE/0170000/W0170499.png,칼라렌타 로사토 메를로,Calalenta Rosato Merlot,로제,"75,000원",
https://wine21.speedgabia.com/WINE_MST/TITLE/0170000/W0170459.png,르 쁘띠 로제,Le Petit Rose,로제,"30,000원",
https://wine21.speedgabia.com/WINE_MST/TITLE/0170000/W0170452.png,로제,Rose,로제,"24,000원",
https://wine21.speedgabia.com/WINE_MST/TITLE/0170000/W0170332.png,그랑 아파소 프리미티보 로사토,Gran Appasso Primitivo Rosato,로제,"48,000원",
https://wine21.speedgabia.com/WINE_MST/TITLE/0170000/W0170323.png,로제 당주,Rose d'Anjou,로제,"35,000원",
https://wine21.speedgabia.com/WINE_MST/IMAGE/0170000/T0170194_002.png,그랑 리제르바 로제,Gran Reserva Rose,로제,"58,000원",
https://wine21.speedgabia.com/WINE_MST/TITLE/0170000/W0170142.png,뷸카니코 로제,Vulcanico Rose,로제,"44,000원",
https://wine21.speedgabia.com/WINE_MST/TITLE/0170000/W0170085.png,알비노 피앤오,Albino PNO,로제,"159,000원",
https://wine21.speedgabia.com/WINE_MST/TITLE/0170000/W0170075.png,팔리아 로제,Falia Rose,로제,"21,000원",
https://wine21.speedgabia.com/WINE_MST/TITLE/0170000/W0170069.png,캄풀러스 엘 모레노 레드,Campules El Moreno Red,로제,"15,000원",
https://wine21.speedgabia.com/WINE_MST/IMAGE/0170000/T0170035_002.png,스칼렛 레이디버드 플뢰리외 로제,Scarlet Ladybird Fluerieu Rose,로제,"52,000원",
https://wine21.speedgabia.com/WINE_MST/TITLE/0169000/W0169965.png,레 빠셀 로제,Les Parcelles Rose,로제,"35,000원",
https://wine21.speedgabia.com/WINE_MST/IMAGE/0169000/T0169866_001.png,솔리스 루멍 로제,Solis Lumen Rose,로제,"45,000원",
https://wine21.speedgabia.com/WINE_MST/TITLE/0169000/W0169810.png,로제 꾸베,Rose Cuvee,로제,"41,500원",
https://wine21.speedgabia.com/WINE_MST/TITLE/0169000/W0169332.png,도멘 뒤 프레 클로 로제 당주,Domaine du Pre Clos Rose D'Anjou,로제,"43,000원",
https://wine21.speedgabia.com/WINE_MST/TITLE/0169000/W0169299.png,쥬시 레드,Juicy Red,로제,"44,000원",
https://wine21.speedgabia.com/WINE_MST/TITLE/0169000/W0169015.png,알리에 로제,Alie Rose,로제,"40,000원",
https://wine21.speedgabia.com/WINE_MST/TITLE/0169000/W0169011.png,빌라 블랑쉬 그르나쉬 로제,Villa Blanche Grenache Rose,로제,"20,000원",
https://wine21.speedgabia.com/WINE_MST/TITLE/0168000/W0168943.png,사티스 데이 로사도,Satis dei Rosado,로제,"9,900원",
https://wine21.speedgabia.com/WINE_MST/TITLE/0168000/W0168939.png,에스탕동 제니스,Estandon Zenith,로제,"25,000원",
https://wine21.speedgabia.com/WINE_MST/TITLE/0168000/W0168938.png,에스탕동 헤리티지,Estandon Heritage,로제,"20,000원",
https://wine21.speedgabia.com/WINE_MST/TITLE/0168000/W0168937.png,에스탕동 그리,Estandon Gris,로제,"15,000원",
https://wine21.speedgabia.com/WINE_MST/TITLE/0168000/W0168936.png,에스탕동 리플렛,Estandon Reflet,로제,"20,000원",
https://wine21.speedgabia.com/WINE_MST/TITLE/0168000/W0168877.png,코스타 알리칸테 로제,Costa Alicante Rosado,로제,"15,000원",
https://wine21.speedgabia.com/WINE_MST/TITLE/0168000/W0168875.png,라스 핀카스 로제 배럴 숙성,Las Fincas Rosado Barrica,로제,"59,900원",
https://wine21.speedgabia.com/WINE_MST/TITLE/0168000/W0168874.png,라스 핀카스 로제,Las Fincas Rosado,로제,"29,900원",
https://wine21.speedgabia.com/WINE_MST/TITLE/0168000/W0168839.png,로시 피노 네로 로사토,“ Ro'Si ” Pinot Nero Rosato,로제,"38,000원",
https://wine21.speedgabia.com/WINE_MST/TITLE/0168000/W0168831.png,레알 꼼빠니아 로사도,Real Compania Rosado,로제,"28,000원",
https://wine21.speedgabia.com/WINE_MST/IMAGE/0168000/T0168796_003.png,로제,Rose,로제,"40,000원",
https://wine21.speedgabia.com/WINE_MST/TITLE/0168000/W0168783.png,베테레 패스툼 알리아니코 로사토,Vetere Paestum Aglianico Rosato,로제,"65,000원",
https://wine21.speedgabia.com/WINE_MST/TITLE/0168000/W0168768.png,스트로베리 데이즈 지에스엠,Strawberry Daze GSM,로제,"130,000원",
https://wine21.speedgabia.com/WINE_MST/IMAGE/0168000/T0168767_001.png,로제,Rose,로제,"120,000원",
https://wine21.speedgabia.com/WINE_MST/TITLE/0168000/W0168764.png,아우레오 로제 소노마 마운틴,Aureo Rose Sonoma Mountain,로제,"120,000원",
https://wine21.speedgabia.com/WINE_MST/TITLE/0168000/W0168707.png,컬리나리아 뮈스카,Culinaria Muscat,로제,"55,000원",
https://wine21.speedgabia.com/WINE_MST/TITLE/0168000/W0168705.png,샤르도네 피노누아,Chardonnay Pinot Noir,로제,"40,000원",
https://wine21.speedgabia.com/WINE_MST/TITLE/0168000/W0168652.png,엔젤스 카우보이즈 로제,Angels & Cowboys Rose,로제,"50,000원",
https://wine21.speedgabia.com/WINE_MST/IMAGE/0168000/T0168650_001.png,로제,Rose,로제,"195,000원",
https://wine21.speedgabia.com/WINE_MST/TITLE/0168000/W0168560.png,피오코 디 로제,Fiocco di Rose,로제,"50,000원",
https://wine21.speedgabia.com/WINE_MST/TITLE/0168000/W0168478.png,라롬바 핀카 라린데,Lalomba Finca Lalinde,로제,"86,000원",
https://wine21.speedgabia.com/WINE_MST/TITLE/0168000/W0168468.png,로제,Rose,로제,"19,900원",
https://wine21.speedgabia.com/WINE_MST/TITLE/0168000/W0168334.png,화이트 진판델,White Zinfandel,로제,"30,000원",
https://wine21.speedgabia.com/WINE_MST/TITLE/0168000/W0168305.png,라지 파 와인클럽 캔디 플로스 로제,Raj Parr Wine Club Candy Floss Rosé,로제,"101,000원",
https://wine21.speedgabia.com/no_image2.jpg,로즈 마리,Rose-Marie,로제,"175,000원",
https://wine21.speedgabia.com/WINE_MST/TITLE/0168000/W0168174.png,메인&바인 화이트 진판델,Main&Vine White Zinfandel,로제,"35,000원",
https://wine21.speedgabia.com/WINE_MST/TITLE/0168000/W0168109.png,딜리셔스 로제,Delicious Rose,로제,"15,000원",
https://wine21.speedgabia.com/WINE_MST/TITLE/0168000/W0168080.png,PWS 래번 로제 러시안 리버 벨리,PWS Raeburn Rose Russian River Valley,로제,"82,000원",
https://wine21.speedgabia.com/WINE_MST/TITLE/0168000/W0168061.png,에스빠드리으,Les Espadrilles,로제,"38,000원",
https://wine21.speedgabia.com/WINE_MST/TITLE/0167000/W0167717.png,로제,Rose,로제,"22,000원",
https://wine21.speedgabia.com/WINE_MST/TITLE/0167000/W0167681.png,셀라 로리,Serra Lori,로제,"37,000원",
https://wine21.speedgabia.com/WINE_MST/TITLE/0167000/W0167442.png,징가리 로사토,Zingari Rosato,로제,"46,000원",
https://wine21.speedgabia.com/WINE_MST/TITLE/0167000/W0167436.png,로제 델 보로,Rose del Borro,로제,"36,000원",
https://wine21.speedgabia.com/WINE_MST/TITLE/0167000/W0167162.png,로제 드 불보아카,Rose de Bulboaca,로제,"74,000원",
https://wine21.speedgabia.com/WINE_MST/TITLE/0167000/W0167150.png,트리엔느 로제,Triennes Rose,로제,"55,000원",
https://wine21.speedgabia.com/WINE_MST/TITLE/0167000/W0167121.jpg,아르갈리 로제,Argali Rose,로제,"91,000원",
https://wine21.speedgabia.com/WINE_MST/TITLE/0167000/W0167118.png,로제 피노 누아,Rose Pinot Noir,로제,"96,000원",
https://wine21.speedgabia.com/WINE_MST/TITLE/0167000/W0167099.png,체라수올로 다브루쪼,Cerasuolo d'Aburzzo,로제,"55,000원",
https://wine21.speedgabia.com/WINE_MST/TITLE/0167000/W0167097.jpg,로제,Rose,로제,"38,000원",
https://wine21.speedgabia.com/WINE_MST/TITLE/0167000/W0167042.jpg,에스탕동 인솔랑스,Estandon Insolence,로제,"28,000원",
https://wine21.speedgabia.com/WINE_MST/TITLE/0167000/W0167033.jpg,로제스로제스,RosesRoses,로제,"80,000원",
https://wine21.speedgabia.com/WINE_MST/TITLE/0167000/W0167015.jpg,로제,Rose,로제,"55,000원",
https://wine21.speedgabia.com/WINE_MST/TITLE/0167000/0167014.jpg,꼬또 데 아야스 로사도,Coto de Hayas Rosado,로제,"37,000원",
https://wine21.speedgabia.com/WINE_MST/TITLE/0166000/W0166848.jpg,플로라 파우나 로제,Flora Fauna Rose,로제,"83,000원",
https://wine21.speedgabia.com/WINE_MST/TITLE/0166000/W0166840.jpg,뱅 그리 드 시거,Vin Gris de Cigare,로제,"38,000원",
https://wine21.speedgabia.com/WINE_MST/TITLE/0166000/W0166749.jpg,로제 드 무르베드르,Rose de Mourvedre,로제,"56,000원",
https://wine21.speedgabia.com/WINE_MST/IMAGE/0166000/T0166732_001.png,햄튼 워터 로제,Hampton Water Rose,로제,"97,000원",
https://wine21.speedgabia.com/WINE_MST/TITLE/0166000/W0166666.jpg,벤드 화이트 진판델,Bend White Zinfandel,로제,"19,800원",
https://wine21.speedgabia.com/WINE_MST/TITLE/0166000/W0166381.jpg,로제 스푸만테,Rose Spumante,로제,"50,000원",
https://wine21.speedgabia.com/WINE_MST/IMAGE/0166000/T0166171_003.png,하루,Haru,로제,"66,000원",
https://wine21.speedgabia.com/WINE_MST/TITLE/0166000/W0166133.jpg,조이,Joy,로제,"85,000원",
https://wine21.speedgabia.com/WINE_MST/TITLE/0166000/W0166120.jpg,크리세코 브뤼 로제,Crisecco Brut Rose,로제,"30,000원",
https://wine21.speedgabia.com/no_image2.jpg,메르뀌레,Mercurey,로제,"90,000원",
https://wine21.speedgabia.com/WINE_MST/TITLE/0165000/W0165934.jpg,트로피칼 모스카토 자몽,Tropical Moscato Grapefruit,로제,"24,000원",
https://wine21.speedgabia.com/WINE_MST/TITLE/0165000/W0165914.jpg,르 뽀또 로제,Le Poteau Rose,로제,"40,000원",
https://wine21.speedgabia.com/WINE_MST/TITLE/0165000/W0165851.jpg,프렛 아 보어 로제,Pret a Boire Rose,로제,"500,000원",
https://wine21.speedgabia.com/WINE_MST/TITLE/0165000/W0165787.png,맥기건 애들레이드 힐즈 로제,McGuigan Rose Adelaide Hills Rose,로제,"77,000원",
https://wine21.speedgabia.com/WINE_MST/IMAGE/0165000/T0165709_001.png,에이트 메세스,8 Meses,로제,"36,000원",
https://wine21.speedgabia.com/no_image2.jpg,콜렉시온 로사도,Coleccion Rosado,로제,"32,000원",
https://wine21.speedgabia.com/WINE_MST/TITLE/0165000/W0165615.jpg,피폴리 로자또,Pipoli Rosato,로제,"58,000원",
https://wine21.speedgabia.com/WINE_MST/TITLE/0165000/W0165083.png,프레스티지,Prestige,로제,"35,000원",
https://wine21.speedgabia.com/WINE_MST/TITLE/0164000/W0164787.jpg,줄리아스 다즐 로제,Julia's Dazzle Rose,로제,"59,000원",
https://wine21.speedgabia.com/WINE_MST/TITLE/0164000/W0164753.jpg,베르상 노드,Versant Nord,로제,"37,000원",
https://wine21.speedgabia.com/WINE_MST/TITLE/0164000/W0164548.jpg,로사도 보발,Rosado Bobal,로제,"24,000원",
https://wine21.speedgabia.com/WINE_MST/TITLE/0164000/W0164514.jpg,프레스티지 로제,Prestige Rose,로제,"99,000원",
https://wine21.speedgabia.com/WINE_MST/TITLE/0164000/W0164245.png,로제,Rose,로제,"64,000원",
https://wine21.speedgabia.com/WINE_MST/TITLE/0164000/W0164151.png,페투라,Petula,로제,"48,000원",
https://wine21.speedgabia.com/WINE_MST/TITLE/0163000/W0163747.jpg,핑크 쉽 로제,Pink Sheep Rose,로제,"60,000원",
https://wine21.speedgabia.com/WINE_MST/TITLE/0163000/W0163279.jpg,무쏘 로제,Musso Rose,로제,"35,000원",
https://wine21.speedgabia.com/WINE_MST/TITLE/0163000/W0163262.jpg,르 쁘띠 쿠들리스 로제,Le Petit Coudoulis White Rose,로제,"50,000원",
https://wine21.speedgabia.com/WINE_MST/TITLE/0163000/W0163098.jpg,모스케토 핑크,Mosketto Pink,로제,"22,500원",
https://wine21.speedgabia.com/WINE_MST/TITLE/0163000/W0163083.jpg,카시오페아 로사토,Cassiopea Rosato,로제,"70,000원",
https://wine21.speedgabia.com/WINE_MST/TITLE/0163000/W0163033.jpg,테오페트라 에스테이트 로제,Theopetra Estate Rose,로제,"60,000원",
https://wine21.speedgabia.com/WINE_MST/TITLE/0162000/W0162879.jpg,맥매니스 로제,Mcmanis Rose,로제,"75,000원",
https://wine21.speedgabia.com/WINE_MST/TITLE/0162000/W0162831.jpg,사쿠라 와인,Sakura Wine,로제,"58,000원",
https://wine21.speedgabia.com/WINE_MST/IMAGE/0162000/T0162697_002.png,로제 세미 스위트,Rose Semi Sweet,로제,"32,000원",
https://wine21.speedgabia.com/WINE_MST/TITLE/0162000/W0162677.jpg,디코이 로제,Decoy Rose,로제,"75,000원",
https://wine21.speedgabia.com/WINE_MST/TITLE/0162000/W0162516.jpg,랜서스 로제,Lancers Rose,로제,"30,000원",
https://wine21.speedgabia.com/WINE_MST/TITLE/0162000/W0162476.jpg,프로방스 로제,Provence Rose,로제,"18,900원",
https://wine21.speedgabia.com/WINE_MST/TITLE/0162000/W0162467.jpg,더 머천트 로제,The Merchant's Rose,로제,"12,900원",
https://wine21.speedgabia.com/WINE_MST/TITLE/0162000/W0162411.jpg,꽈뜨로 로제,Quattro Rose,로제,"20,000원",
https://wine21.speedgabia.com/WINE_MST/TITLE/0162000/W0162386.jpg,미아 로제,Mia Rose,로제,"15,000원",
https://wine21.speedgabia.com/WINE_MST/TITLE/0162000/W0162243.jpg,로제,Rose,로제,"110,000원",
https://wine21.speedgabia.com/WINE_MST/TITLE/0162000/W0162078.jpg,츠바이겔트 로제,Zweigelt Rose Bio,로제,"60,000원",
https://wine21.speedgabia.com/WINE_MST/TITLE/0162000/W0162076.jpg,메모로 로사토,Memoro Rosato,로제,"9,900원",
https://wine21.speedgabia.com/WINE_MST/TITLE/0162000/W0162053.jpg,가르나차 로제,Garnacha Rose,로제,"25,000원",
https://wine21.speedgabia.com/WINE_MST/TITLE/0161000/W0161972.png,아무르 로제,Amour Rose,로제,"25,000원",
https://wine21.speedgabia.com/WINE_MST/TITLE/0161000/W0161879.jpg,발렌시소 로사도,Valenciso Rosado,로제,"66,000원",
https://wine21.speedgabia.com/WINE_MST/TITLE/0161000/W0161837.jpg,선키스트 스위트 로제,Sunkissed Sweet Rose,로제,"26,000원",
https://wine21.speedgabia.com/WINE_MST/TITLE/0161000/W0161604.jpg,렉셀렁스 데 뮈레르,L'Excellence des Muraires,로제,"100,000원",
https://wine21.speedgabia.com/WINE_MST/TITLE/0161000/W0161603.jpg,레 뮈레르 두쓰 비,Les Muraires Douce Vie,로제,"53,000원",
https://wine21.speedgabia.com/WINE_MST/TITLE/0161000/W0161461.png,로사토,Rosato,로제,"75,000원",
https://wine21.speedgabia.com/WINE_MST/TITLE/0161000/W0161440.jpg,바이 오뜨 로제,BY OTT Rose,로제,"65,000원",
https://wine21.speedgabia.com/WINE_MST/TITLE/0161000/W0161420.jpg,도멘 사라고즈,Domaine Sarragousse,로제,"35,000원",
https://wine21.speedgabia.com/WINE_MST/TITLE/0161000/W0161387.jpg,핑크 페고,Chateau Pegau Rose Pink Pegau,로제,"46,000원",
https://wine21.speedgabia.com/WINE_MST/TITLE/0161000/W0161223.png,카퍼 릿지 화이트 진판델,Copper Ridge White Zinfandel,로제,"4,990원",
https://wine21.speedgabia.com/WINE_MST/TITLE/0161000/W0161220.jpg,베어플래그 일렉트릭 로제,BearFlag Eletric Rose,로제,"12,900원",
https://wine21.speedgabia.com/WINE_MST/TITLE/0161000/W0161135.jpg,수수카루,Susucaru,로제,"83,000원",
https://wine21.speedgabia.com/no_image2.jpg,샤또 르 헤이샥 로제,Chateau Le Rayssac Rose,로제,"60,000원",
https://wine21.speedgabia.com/WINE_MST/TITLE/0161000/W0161014.jpg,레 클레르꼼떼 로제 당주,Les Claircomtes Rose d'Anjou,로제,"33,000원",
https://wine21.speedgabia.com/WINE_MST/TITLE/0161000/W0161013.jpg,프란시스 포드 코폴라 소피아 로제,Francis Ford Coppola Sofia Rose,로제,"90,000원",
https://wine21.speedgabia.com/WINE_MST/TITLE/0161000/W0161006.jpg,로제 드 지스꾸르,Rose de Giscours,로제,"60,000원",
https://wine21.speedgabia.com/WINE_MST/TITLE/0161000/W0161005.jpg,레 오 드 스미스 로제,Les Hauts de Smith Rose,로제,"80,000원",
https://wine21.speedgabia.com/WINE_MST/TITLE/0160000/W0160852.jpg,디오라마 컬렉션 피노 누아 로제,Diorama Collection Pinot Noir Rose,로제,"52,000원",
https://wine21.speedgabia.com/WINE_MST/TITLE/0160000/W0160768.jpg,아카키스 로제,Akakies Rose,로제,"33,000원",
https://wine21.speedgabia.com/WINE_MST/TITLE/0160000/W0160725.jpg,리라 투 로제스,Rira 2 Roses,로제,"52,000원",
https://wine21.speedgabia.com/WINE_MST/TITLE/0159000/W0159865.png,화이트 진판델,White Zinfandel,로제,"14,900원",
https://wine21.speedgabia.com/WINE_MST/TITLE/0159000/W0159693.jpg,로사도,Rosado,로제,"28,000원",
https://wine21.speedgabia.com/WINE_MST/TITLE/0159000/W0159194.jpg,샤또 리카르델 비넬라크로아 로제,Chateau Ricardelle Vignelacroix Rose,로제,"75,000원",
https://wine21.speedgabia.com/WINE_MST/TITLE/0159000/W0159049.jpg,엠 로제,M Rose,로제,"22,000원",
https://wine21.speedgabia.com/WINE_MST/TITLE/0158000/W0158523.png,우드브릿지 화이트 진판델,Woodbridge White Zinfandel,로제,"34,000원",
https://wine21.speedgabia.com/WINE_MST/TITLE/0157000/W0157596.jpg,샤또 드 페슬 로제 당주,Chateau de Fesles Rose d'Anjou,로제,"36,000원",
https://wine21.speedgabia.com/WINE_MST/TITLE/0156000/W0156993.png,슈럽,Cherub,로제,"37,000원",
https://wine21.speedgabia.com/WINE_MST/TITLE/0156000/W0156916.jpg,쁘띠 부르주아 피노 누아 로제,Petit Bourgeois Pinot Noir Rose,로제,"42,000원",
https://wine21.speedgabia.com/WINE_MST/TITLE/0156000/W0156423.jpg,샤또 드 삐바르뇽 로제,Chateau de Pibarnon,로제,"162,000원",
https://wine21.speedgabia.com/WINE_MST/TITLE/0156000/W0156105.jpg,소호 웨스트우드 로제,Soho Westwood Rose,로제,"73,000원",
https://wine21.speedgabia.com/WINE_MST/TITLE/0156000/W0156089.jpg,더 롱 독 로제,The Long Dog Rose,로제,"26,000원",
https://wine21.speedgabia.com/WINE_MST/TITLE/0155000/W0155966.jpg,따벨 '라 로제 에메',Tavel 'La Rose d'Aimee',로제,"56,000원",
https://wine21.speedgabia.com/WINE_MST/TITLE/0155000/W0155937.png,꼬뜨 로즈 로제,Cote des Roses Rose,로제,"33,000원",
https://wine21.speedgabia.com/WINE_MST/TITLE/0155000/W0155936.jpg,로즈 마운트 O 루비,Rosemount O Ruby,로제,"45,000원",
https://wine21.speedgabia.com/WINE_MST/TITLE/0155000/W0155926.jpg,도팡 꼬뜨 뒤 론 리저브 로제,Les Dauphins Cotes du Rhone Reserve Rose,로제,"35,000원",
https://wine21.speedgabia.com/WINE_MST/TITLE/0155000/W0155799.jpg,비치 헛 핑크 모스카토,Beach Hut Pink Moscato,로제,"38,000원",
https://wine21.speedgabia.com/WINE_MST/TITLE/0155000/W0155617.jpg,빌라 엠 로제,Villa M Rose,로제,"39,600원",
https://wine21.speedgabia.com/WINE_MST/TITLE/0155000/W0155582.jpg,보데가 팔라시오 밀플로레스 로제,Bodegas Palacio Milflores Rose,로제,"50,000원",
https://wine21.speedgabia.com/WINE_MST/TITLE/0155000/W0155520.jpg,브라케토 다퀴,Brachetto d'Acqui,로제,"32,000원",
https://wine21.speedgabia.com/no_image2.jpg,더 폰티프,The Pontiff,로제,"1,580,000원",
https://wine21.speedgabia.com/WINE_MST/TITLE/0155000/W0155174.jpg,로사토,Rosato,로제,"60,000원",
https://wine21.speedgabia.com/WINE_MST/TITLE/0155000/W0155137.jpg,로제,Rose,로제,"88,000원",
https://wine21.speedgabia.com/WINE_MST/TITLE/0155000/W0155035.png,르 부케 로제,Le bouquet Rose de PN,로제,"48,000원",
https://wine21.speedgabia.com/WINE_MST/TITLE/0154000/W0154960.png,호그와쉬 로제,Hogwash Rose,로제,"58,000원",
https://wine21.speedgabia.com/no_image2.jpg,끼알리 러브홀릭 스위트 로사토,Chiarli Love Holic Sweet Rosato,로제,"15,000원",
https://wine21.speedgabia.com/WINE_MST/TITLE/0154000/W0154592.jpg,브리 피노 누아 로제,Bree Pinot Noir Rose,로제,"8,800원",
https://wine21.speedgabia.com/WINE_MST/TITLE/0154000/W0154561.jpg,루메라 로자토,Lumera Rosato,로제,"45,000원",
https://wine21.speedgabia.com/WINE_MST/TITLE/0154000/W0154558.jpg,멀롯 로제,Merlot Rose,로제,"20,000원",
https://wine21.speedgabia.com/WINE_MST/TITLE/0154000/W0154557.jpg,클래식 루베롱 로제,Classic Luberon Rose,로제,"25,000원",
https://wine21.speedgabia.com/WINE_MST/TITLE/0154000/W0154007.jpg,플레르 드 로이 로제 피노 누아,Fleur de Roy Rose Pinot Noir,로제,"95,000원",
https://wine21.speedgabia.com/WINE_MST/TITLE/0153000/W0153980.jpg,피오네로 로제,Pionero Rose,로제,"25,000원",
https://wine21.speedgabia.com/WINE_MST/TITLE/0153000/W0153974.jpg,르 르뚜르 로제,Le Retour Rose,로제,"60,000원",
https://wine21.speedgabia.com/WINE_MST/TITLE/0153000/W0153962.jpg,까사엔젤 모스카토 로사도,Casa L'Angel Moscato Rosado,로제,"30,000원",
https://wine21.speedgabia.com/WINE_MST/TITLE/0153000/W0153921.jpg,르 뿌쌍 로제,Le Poussin Rose,로제,"32,000원",
https://wine21.speedgabia.com/WINE_MST/TITLE/0153000/W0153871.jpg,오미로제 프리미어 와인,Premier Omija Wine,로제,"39,000원",
https://wine21.speedgabia.com/WINE_MST/TITLE/0153000/W0153850.jpg,화이트 진판델,White Zinfandel,로제,"53,000원",
https://wine21.speedgabia.com/WINE_MST/TITLE/0153000/W0153528.jpg,가루스,Garrus,로제,"300,000원",
https://wine21.speedgabia.com/WINE_MST/TITLE/0153000/W0153507.jpg,샤또 데스클랑,Chateau d'Esclans,로제,"80,000원",
https://wine21.speedgabia.com/WINE_MST/TITLE/0153000/W0153506.jpg,레 클랑,Les Clans,로제,"140,000원",
https://wine21.speedgabia.com/WINE_MST/TITLE/0153000/W0153489.jpg,포파니 모스카토 로사,Foffani Moscato Rosa,로제,"65,000원",
https://wine21.speedgabia.com/WINE_MST/TITLE/0153000/W0153317.jpg,클라랑델 로제,Clarendelle Rose,로제,"36,000원",
https://wine21.speedgabia.com/WINE_MST/TITLE/0153000/W0153301.jpg,미라발,MIRAVAL,로제,"65,000원",
https://wine21.speedgabia.com/WINE_MST/TITLE/0153000/W0153018.png,도멘 몽로즈,Domaine Montrose,로제,"18,000원",
https://wine21.speedgabia.com/WINE_MST/TITLE/0152000/152688.jpg,화이트 진판델,White Zinfandel,로제,"30,000원",
https://wine21.speedgabia.com/WINE_MST/TITLE/0152000/W0152353.jpg,모스카토 로사,Moscato Rosa,로제,"45,000원",
https://wine21.speedgabia.com/WINE_MST/TITLE/0151000/W0151589.jpg,파소 델 솔 로제,Paso del Sol Rose,로제,"20,000원",
https://wine21.speedgabia.com/WINE_MST/TITLE/0151000/W0151473.jpg,로사 데 아로칼,Rosa de Arrocal,로제,"27,000원",
https://wine21.speedgabia.com/WINE_MST/IMAGE/0151000/T0151381_001.png,로제,Rose,로제,"25,000원",
https://wine21.speedgabia.com/WINE_MST/TITLE/0151000/W0151260.jpg,브루몽 따나 시라 메를로 로제,BruMont Tannat Syrah Merlot Rose,로제,"30,000원",
https://wine21.speedgabia.com/WINE_MST/TITLE/0151000/W0151245.jpg,미쉘슈나이더 돈펠더 로제 아이스 와인,Michel Schneider Dornfelder Rose Eiswein,로제,"60,000원",
https://wine21.speedgabia.com/WINE_MST/TITLE/0151000/W0151233.jpg,뉘메로 엥 로제,Numero 1 Rose,로제,"51,000원",
https://wine21.speedgabia.com/WINE_MST/TITLE/0150000/W0150913.jpg,심플리 진판델 로제,Simply Zinfandel Rose,로제,"9,900원",
https://wine21.speedgabia.com/WINE_MST/TITLE/0150000/W0150862.jpg,모스카토 로제,Moscato Rose,로제,"27,000원",
https://wine21.speedgabia.com/WINE_MST/TITLE/0150000/W0150692.jpg,핑크 앨리펀트 로제,Pink Elephant Rose,로제,"28,000원",
https://wine21.speedgabia.com/WINE_MST/TITLE/0150000/W0150368.png,로제,Rose,로제,"25,000원",
https://wine21.speedgabia.com/WINE_MST/TITLE/0150000/W0150332.jpg,라 비에이 페름 로제,La Vieille Ferme Rose,로제,"18,000원",
https://wine21.speedgabia.com/WINE_MST/TITLE/0150000/W0150014.jpg,말벡 로제,Malbec Rose,로제,"29,000원",
https://wine21.speedgabia.com/WINE_MST/TITLE/0149000/W0149991.jpg,피노타주 로제,Pinotage Rose,로제,"15,000원",
https://wine21.speedgabia.com/WINE_MST/TITLE/0149000/W0149841.jpg,벨구아르도 로제,Belguardo Rose,로제,"108,000원",
https://wine21.speedgabia.com/WINE_MST/TITLE/0149000/W0149449.jpg,프리미에 알렉시스 리신 보르도 로제,1er Alexis Lichine Bordeaux Rose,로제,"25,000원",
https://wine21.speedgabia.com/no_image2.jpg,까베르네 소비뇽 로제,Cabernet Sauvignon Rose,로제,"40,000원",
https://wine21.speedgabia.com/WINE_MST/TITLE/0148000/W0148174.jpg,로제 엑셀런스 꼬뜨 뒤 론,RoseXcellence Cotes du Rhone,로제,"33,500원",
https://wine21.speedgabia.com/WINE_MST/TITLE/0148000/W0148173.jpg,로제 클라땅 시라,Rose Clatant Syrah,로제,"27,500원",
https://wine21.speedgabia.com/WINE_MST/TITLE/0148000/W0148067.jpg,화이트 진판델,White Zinfandel,로제,"22,000원",
https://wine21.speedgabia.com/WINE_MST/TITLE/0148000/W0148024.jpg,로사도,Rosado,로제,"28,000원",
https://wine21.speedgabia.com/WINE_MST/TITLE/0147000/W0147811.jpg,시라즈 로제 리제르바,Shiraz Rose Reserva,로제,"23,000원",
https://wine21.speedgabia.com/WINE_MST/TITLE/0147000/W0147631.jpg,판티니 체라수올로 다브루쪼,Fantini Cerasuolo d'Abruzzo,로제,"47,000원",
https://wine21.speedgabia.com/WINE_MST/TITLE/0147000/W0147505.jpg,더 쇼어 로제,The Shore Rose,로제,"25,000원",
https://wine21.speedgabia.com/WINE_MST/TITLE/0147000/W0147455.jpg,모스까뗄 데 발렌시아 로제,Moscatel de Valencia Rose,로제,"9,800원",
https://wine21.speedgabia.com/WINE_MST/TITLE/0147000/W0147452.jpg,람부르스코 로제 라이트,Lambrusco Rose Light,로제,"9,800원",
https://wine21.speedgabia.com/WINE_MST/TITLE/0146000/W0146827.jpg,피노 그리지오 라마토,Pinot Grigio Ramato,로제,"52,000원",
https://wine21.speedgabia.com/WINE_MST/TITLE/0146000/W0146752.jpg,로제 당쥬,Rose d'Anjou,로제,"42,000원",
https://wine21.speedgabia.com/WINE_MST/TITLE/0146000/W0146591.jpg,메종 라세또 까베르네 당주 로제,Maison Lacheteau Cabernet d'Anjou Rose,로제,"46,000원",
https://wine21.speedgabia.com/WINE_MST/TITLE/0146000/W0146590.jpg,메종 라세또 로제 당주,Maison Lacheteau Rose d'Anjou,로제,"35,000원",
https://wine21.speedgabia.com/WINE_MST/TITLE/0146000/W0146584.jpg,힐링어 스몰힐 로제,Small Hill Rose,로제,"84,000원",
https://wine21.speedgabia.com/WINE_MST/TITLE/0146000/W0146562.jpg,버라이탈 로제,Varietal Rose,로제,"22,000원",
https://wine21.speedgabia.com/WINE_MST/TITLE/0146000/W0146040.jpg,그란 페우도 로사도,Gran Feudo Rosado,로제,"22,000원",
https://wine21.speedgabia.com/WINE_MST/TITLE/0145000/W0145770.jpg,바인 레인 아이스 핑크,Vine Lane Ice Pink,로제,"42,000원",
https://wine21.speedgabia.com/WINE_MST/TITLE/0145000/W0145704.jpg,핑크 트럭,Pink Truck,로제,"38,000원",
https://wine21.speedgabia.com/no_image2.jpg,볼게리 로자또,Bolgheri Rosato,로제,"48,000원",
https://wine21.speedgabia.com/WINE_MST/TITLE/0144000/W0144874.jpg,데 카스타,De Casta,로제,"11,000원",
https://wine21.speedgabia.com/no_image2.jpg,노바 티클드 핑크,Nova Tickled Pink,로제,"19,000원",
https://wine21.speedgabia.com/no_image2.jpg,시라 로제,Syrah Rose,로제,"15,000원",
https://wine21.speedgabia.com/no_image2.jpg,샤또 라 로끄 로제,Chateau La Roque Rose,로제,"45,000원",
https://wine21.speedgabia.com/WINE_MST/TITLE/0143000/W0143522.jpg,화이트 진판델,White Zinfandel,로제,"22,000원",
https://wine21.speedgabia.com/no_image2.jpg,르 리스 로제,Le Lys Rose,로제,"42,000원",
https://wine21.speedgabia.com/no_image2.jpg,쌩죠르지 화이트 진판델,St. George White Zinfandel,로제,"33,000원",
https://wine21.speedgabia.com/no_image2.jpg,셀리에 데 도뺑,Cellier Des Dauphins,로제,"13,000원",
https://wine21.speedgabia.com/no_image2.jpg,죠벤 카펠 로제,Joven Capel Rose,로제,"15,000원",
https://wine21.speedgabia.com/no_image2.jpg,메를로 로제,Merlot Rose,로제,"35,000원",
https://wine21.speedgabia.com/no_image2.jpg,타마스 화이트 진판델,Tamas White Zinfandel,로제,"22,000원",
https://wine21.speedgabia.com/WINE_MST/TITLE/0141000/W0141834.jpg,말보로 로제,Marlborough Rose,로제,"31,000원",
https://wine21.speedgabia.com/WINE_MST/TITLE/0141000/W0141249.jpg,까베르네 당주,Cabernet d'Anjou,로제,"24,000원",
https://wine21.speedgabia.com/WINE_MST/TITLE/0141000/W0141099.jpg,로제타,Rosetta,로제,"51,000원",
https://wine21.speedgabia.com/WINE_MST/TITLE/0141000/W0141110.jpg,화이트 진판델,White Zinfandel,로제,"25,000원",
https://wine21.speedgabia.com/WINE_MST/TITLE/0140000/W0140802.jpg,따벨 로제,Tavel Rose,로제,"39,000원",
https://wine21.speedgabia.com/WINE_MST/TITLE/0139000/W0139379.jpg,화이트 진판델,White Zinfandel,로제,"30,000원",
https://wine21.speedgabia.com/WINE_MST/TITLE/0139000/W0139024.jpg,르 로제 드 무똥 까데,Le Rose de Mouton Cadet,로제,"40,000원",
https://wine21.speedgabia.com/WINE_MST/TITLE/0138000/W0138859.jpg,칸디다토 템프라니요 로제,Candidato Tempranillo Rose,로제,"9,900원",
https://wine21.speedgabia.com/WINE_MST/TITLE/0137000/W0137961.jpg,로사토,Rosato,로제,"60,000원",
https://wine21.speedgabia.com/WINE_MST/TITLE/0137000/W0137798.jpg,템프라니요 메를로 로제,Tempranillo Merlot Rose,로제,"18,000원",
https://wine21.speedgabia.com/WINE_MST/TITLE/0137000/W0137355.jpg,핑크 아이스,Pink Icewein,로제,"60,000원",
https://wine21.speedgabia.com/WINE_MST/TITLE/0137000/0137217.png,타베르넬로 로사토 프리잔테,Tavernello Rosato Frizzante,로제,"9,000원",